{
  "herbal": {
    "count": 55,
    "area_mean": 63.49090909090909,
    "area_std": 88.54806044326696,
    "aspect_mean": 0.6884789389055775,
    "aspect_std": 0.4377500093961926,
    "fill_mean": 0.45086382260336666,
    "fill_std": 0.17488201975991308,
    "height_mean": 14.89090909090909,
    "height_std": 9.700370615736526
  },
  "recipe": {
    "count": 9,
    "area_mean": 28.11111111111111,
    "area_std": 11.129983971681026,
    "aspect_mean": 0.5303643156713332,
    "aspect_std": 0.33050053158912923,
    "fill_mean": 0.575724454233226,
    "fill_std": 0.2190178184951071,
    "height_mean": 12.333333333333334,
    "height_std": 4.8074017006186525
  },
  "biological": {
    "count": 11,
    "area_mean": 45.09090909090909,
    "area_std": 49.9680889904284,
    "aspect_mean": 1.427624847242072,
    "aspect_std": 1.782486267964755,
    "fill_mean": 0.49028923185621753,
    "fill_std": 0.1470817065845202,
    "height_mean": 10.0,
    "height_std": 4.729020655869074
  },
  "recipe_late": {
    "count": 20,
    "area_mean": 24.1,
    "area_std": 12.613088440187836,
    "aspect_mean": 0.6418230989283622,
    "aspect_std": 0.34547915750215863,
    "fill_mean": 0.5032220815855685,
    "fill_std": 0.16910014694893843,
    "height_mean": 10.0,
    "height_std": 5.244044240850758
  }
}